{"cameraMode":{"drawMode":0,"name":"Shaded","section":"Shading Mode"},"sceneLighting":true,"audioPlay":false,"sceneViewState":{"showFog":true,"showMaterialUpdate":false,"showSkybox":true,"showFlares":true,"showImageEffects":true,"showParticleSystems":true},"in2DMode":false,"pivot":{"x":0.6200000047683716,"y":0.4100000262260437,"z":1.0199999809265137},"rotation":{"x":-0.18227951228618623,"y":0.007961539551615715,"z":-0.0014758487232029439,"w":-0.9832201600074768},"size":17.399795532226564,"orthographic":false}